id,pourcentage_de_sensibilite
70,0.0
71,0.0
72,0.0
73,0.0
74,0.0
75,0.0
76,0.0
77,0.0
78,0.0
79,0.0
80,0.0
81,0.0
160,0.0
161,0.0
162,0.0
163,0.0
164,0.0
165,0.0
166,0.0
167,0.0
168,0.0
169,0.0
170,0.0
171,0.0
250,0.0
251,0.0
252,0.0
253,0.0
254,0.0
255,0.0
256,0.0
257,0.0
258,0.0
259,0.0
260,0.0
261,0.0
340,0.0
341,0.0
342,0.0
343,0.0
344,0.0
345,0.0
346,0.0
347,0.0
348,0.0
349,0.0
350,0.0
351,0.0
430,0.0
431,0.0
432,0.0
433,0.0
434,0.04380766096729981
435,0.0008391047678447499
436,0.0
437,0.0
438,0.0
439,0.0
440,0.0
441,0.0
520,0.0
521,0.0
522,0.0
523,0.0
524,0.7783718742007562
525,0.2864377907284321
526,0.0
527,0.0
528,0.0
529,0.0
530,0.0
531,0.0
610,0.0
611,0.0
612,0.0
613,0.04543006986820343
614,0.9987641213745857
615,0.9303847763783036
616,0.01728178992596543
617,0.0
618,0.0
619,0.0
620,0.0
621,0.0
700,0.0
701,0.0
702,0.0
703,0.18679136137939048
704,1.0
705,1.0
706,0.19038317303221466
707,0.0
708,0.0
709,0.0
710,0.0
711,0.0
790,0.0
791,0.0
792,0.11707784378531155
793,0.8296501383762847
794,1.0
795,0.9115321689512373
796,0.05221826842156577
797,0.0
798,0.0
799,0.0
800,0.0
801,0.0
880,0.0
881,0.11145043907076994
882,0.8633755537512056
883,1.0
884,0.8325982317115617
885,0.1727726739492884
886,0.0
887,0.0
888,0.0
889,0.0
890,0.0
891,0.0
970,0.12308788927663414
971,0.85891173316888
972,1.0
973,0.9028454039172371
974,0.11826946316870181
975,0.0
976,0.0
977,0.0
978,0.0
979,0.0
980,0.0
981,0.0
892,0.0
893,0.0
894,0.0
895,0.0
896,0.0
897,0.0
898,0.0
899,0.0
900,0.0
982,0.0
983,0.0
984,0.0
985,0.0
986,0.0
987,0.0
988,0.0
989,0.0
990,0.0
1070,0.0
1071,0.0
1072,0.0
1073,0.0
1074,0.0
1075,0.0
1076,0.0
1077,0.0
1078,0.0
1079,0.0
1080,0.0
1160,0.0
1161,0.0
1162,0.0
1163,0.0
1164,0.0
1165,0.0
1166,0.0
1167,0.0
1168,0.0
1169,0.0
1170,0.0
1250,0.0
1251,0.0
1252,0.0
1253,0.0
1254,0.0
1255,0.0
1256,0.0
1257,0.0
1258,0.0
1259,0.0
1260,0.0
1340,0.0
1341,0.0
1342,0.0
1343,0.0
1344,0.0
1345,0.0
1346,0.0
1347,0.0
1348,0.0
1349,0.0
1350,0.0
1430,0.0
1431,0.0
1432,0.0
1433,0.0
1434,0.0
1435,0.0
1436,0.0
1437,0.0
1438,0.09211341166937638
1439,0.13769944774897944
1440,0.0
1520,0.0
1521,0.0
1522,0.0
1523,0.0
1524,0.0
1525,0.020564659714354807
1526,0.2046263025082259
1527,0.847181531094001
1528,0.9999997546645208
1529,0.9992939213517313
1530,0.08425160956126675
1610,0.0
1611,0.16232004526510896
1612,0.699210277965357
1613,0.7641736985776545
1614,0.852347249197366
1615,0.9829676115689719
1616,1.0
1617,1.0
1618,1.0
1619,0.910714428368695
1620,0.0
1700,0.4804020714951871
1701,0.9249198479310625
1702,1.0
1703,1.0
1704,1.0
1705,1.0
1706,1.0
1707,1.0
1708,1.0
1709,0.8681017429756681
1710,0.0
1790,1.0
1791,1.0
1792,1.0
1793,1.0
1794,1.0
1795,1.0
1796,1.0
1797,1.0
1798,0.5851288501350302
1799,0.193710859979227
1800,0.0
1880,1.0
1881,1.0
1882,0.9996737276793003
1883,0.8405320202252528
1884,0.6025638713751686
1885,0.38277414355577977
1886,0.4399249894727557
1887,0.5953701155727433
1888,0.014119696199601729
1889,0.0
1890,0.0
1060,0.7045775003364371
1061,1.0
1062,1.0
1063,0.32448579719947107
1064,0.0
1065,0.0
1066,0.0
1067,0.0
1068,0.0
1069,0.0
1150,0.9438621350426766
1151,1.0
1152,0.783217637833341
1153,0.0004887184994577987
1154,0.0
1155,0.0
1156,0.0
1157,0.0
1158,0.0
1159,0.0
1240,1.0
1241,1.0
1242,0.3151308576436713
1243,0.0
1244,0.0
1245,0.0
1246,0.0
1247,0.0
1248,0.0
1249,0.0
1330,1.0
1331,0.8329996196486212
1332,0.00698994638598328
1333,0.0
1334,0.0
1335,0.0
1336,0.0
1337,0.0
1338,0.0
1339,0.0
1420,1.0
1421,0.5281974862229614
1422,0.0
1423,0.0
1424,0.0
1425,0.0
1426,0.0
1427,0.0
1428,0.0
1429,0.0
1510,1.0
1511,0.2858076277282089
1512,0.0
1513,0.0
1514,0.0
1515,0.0
1516,0.0
1517,0.0
1518,0.0
1519,0.0
1600,0.9875215764855806
1601,0.05589619274833859
1602,0.0
1603,0.0
1604,0.0
1605,0.0
1606,0.0
1607,0.0
1608,0.0
1609,0.0
1690,0.8012465690376682
1691,0.0
1692,0.0
1693,0.0
1694,0.0
1695,0.0
1696,0.0
1697,0.0
1698,0.05307110136674885
1699,0.19260804319232042
1780,0.4856093265543491
1781,0.4808209523651278
1782,0.9958732843672138
1783,1.2708455057244987
1784,1.2498609704539527
1785,1.0836306665297446
1786,1.4394927608780836
1787,1.716492484200077
1788,1.0178327451461386
1789,1.0
1870,1.4673032319354196
1871,1.951929765036697
1872,1.9872782791560768
1873,2.0
1874,2.0
1875,2.0
1876,2.0
1877,2.0
1878,1.2533854840975254
1879,1.0
870,0.0
871,0.0
872,0.0
873,0.0
874,0.0
875,0.0
876,0.0
877,0.0
878,0.0
879,0.0
960,0.0
961,0.0
962,0.0
963,0.0
964,0.0
965,0.0
966,0.0
967,0.0
968,0.0
969,0.0
1050,0.0
1051,0.0
1052,0.0
1053,0.0
1054,0.0
1055,0.0
1056,0.0
1057,0.0
1058,0.0
1059,0.0
1140,0.0
1141,0.0
1142,0.0
1143,0.0
1144,0.0
1145,0.0
1146,0.0
1147,0.0
1148,0.0
1149,0.013952867891071495
1230,0.0
1231,0.0
1232,0.0
1233,0.0
1234,0.0
1235,0.0
1236,0.0
1237,0.0
1238,0.0
1239,0.21301852790006
1320,0.0
1321,0.0
1322,0.0
1323,0.0
1324,0.0
1325,0.0
1326,0.0
1327,0.0
1328,0.0
1329,0.46405410667038177
1410,0.0
1411,0.0
1412,0.0
1413,0.0
1414,0.0
1415,0.0
1416,0.0
1417,0.0
1418,0.0
1419,0.5975160612725381
1500,0.0
1501,0.0
1502,0.0
1503,0.0
1504,0.0
1505,0.0
1506,0.0
1507,0.0
1508,0.0
1509,0.6004659700491255
1590,0.0
1591,0.0
1592,0.0
1593,0.0
1594,0.0
1595,0.0
1596,0.0
1597,0.0
1598,0.0
1599,0.47572496939077263
1680,0.0
1681,0.0
1682,0.0
1683,0.0
1684,0.0
1685,0.0
1686,0.0
1687,0.0
1688,0.0
1689,0.22405711677391082
1770,0.0
1771,0.0
1772,0.0
1773,0.0
1774,0.0
1775,0.0
1776,0.0
1777,0.0
1778,0.0
1779,0.015300090943939594
1860,0.0
1861,0.0
1862,0.0
1863,0.02948328840318804
1864,0.20072498647734394
1865,0.08099131032080961
1866,0.0
1867,0.0
1868,0.048446387712007065
1869,0.5898178659245896
860,0.0
861,0.0
862,0.0
863,0.0
864,0.0
865,0.0
866,0.0
867,0.0
868,0.0
869,0.0
950,0.0
951,0.0
952,0.0
953,0.0
954,0.0
955,0.0
956,0.0
957,0.0
958,0.0
959,0.0
1040,0.0
1041,0.0
1042,0.0
1043,0.0
1044,0.0
1045,0.0
1046,0.0
1047,0.0
1048,0.0
1049,0.0
1130,0.0
1131,0.0
1132,0.0
1133,0.0
1134,0.0
1135,0.0
1136,0.0
1137,0.0
1138,0.0
1139,0.0
1220,0.0
1221,0.0
1222,0.0
1223,0.0
1224,0.0
1225,0.0
1226,0.0
1227,0.0
1228,0.0
1229,0.0
1310,0.0
1311,0.0
1312,0.0
1313,0.0
1314,0.0
1315,0.0
1316,0.0
1317,0.0
1318,0.0
1319,0.0
1400,0.0
1401,0.0
1402,0.0
1403,0.0
1404,0.0
1405,0.0
1406,0.0
1407,0.0
1408,0.0
1409,0.0
1490,0.0
1491,0.0
1492,0.0
1493,0.0
1494,0.0
1495,0.0
1496,0.0
1497,0.0
1498,0.0
1499,0.0
1580,0.0
1581,0.0
1582,0.0
1583,0.0
1584,0.0
1585,0.0
1586,0.0
1587,0.0
1588,0.0
1589,0.0
1670,0.0
1671,0.0
1672,0.0
1673,0.0
1674,0.0
1675,0.09877779760819941
1676,0.008998332399471167
1677,0.0
1678,0.0
1679,0.0
1760,0.0
1761,0.0
1762,0.2618282817590171
1763,0.5847076817008977
1764,0.7320800577358212
1765,0.9483828251346429
1766,0.18334651139998523
1767,0.0
1768,0.0
1769,0.0
1850,0.0
1851,0.18953292793276885
1852,0.9118666135656458
1853,1.0
1854,1.0
1855,0.6113413438424478
1856,0.0
1857,0.0
1858,0.0
1859,0.0
840,0.0
841,0.0
842,0.0
843,0.0
844,0.0
845,0.0
846,0.0
847,0.0
848,0.0
849,0.0
850,0.0
851,0.0
930,0.0
931,0.0
932,0.0
933,0.0
934,0.0
935,0.0
936,0.0
937,0.0
938,0.0
939,0.0
940,0.0
941,0.0
1020,0.0
1021,0.0
1022,0.0
1023,0.0
1024,0.0
1025,0.0
1026,0.0
1027,0.0
1028,0.0
1029,0.0
1030,0.0
1031,0.0
1110,0.0
1111,0.0
1112,0.0
1113,0.0
1114,0.0
1115,0.0
1116,0.0
1117,0.0
1118,0.0
1119,0.0
1120,0.0
1121,0.0
1200,0.0
1201,0.0
1202,0.0
1203,0.0
1204,0.0
1205,0.0
1206,0.0
1207,0.0
1208,0.0
1209,0.0
1210,0.0
1211,0.0
1290,0.0
1291,0.0
1292,0.0
1293,0.0
1294,0.0
1295,0.0
1296,0.0
1297,0.0
1298,0.0
1299,0.0
1300,0.0
1301,0.0
1380,0.0
1381,0.0
1382,0.0
1383,0.0
1384,0.0
1385,0.0
1386,0.0
1387,0.0
1388,0.0
1389,0.0
1390,0.0
1391,0.0
1470,0.0
1471,0.0
1472,0.0
1473,0.0
1474,0.0
1475,0.0
1476,0.0
1477,0.0
1478,0.0
1479,0.0
1480,0.0
1481,0.0
1560,0.0
1561,0.0
1562,0.0
1563,0.0
1564,0.0
1565,0.0
1566,0.0
1567,0.0
1568,0.0
1569,0.0
1570,0.0
1571,0.0
1650,0.009863093088310482
1651,0.1493008657155588
1652,0.19631372801002112
1653,0.0
1654,0.0
1655,0.0
1656,0.0
1657,0.0
1658,0.0
1659,0.0
1660,0.0
1661,0.0
1740,0.9519142876052809
1741,1.0
1742,0.910637017440886
1743,0.4303474854208246
1744,0.04327996223923332
1745,0.0
1746,0.0
1747,0.0
1748,0.0
1749,0.0
1750,0.0
1751,0.0
1830,1.0
1831,0.9667577864980629
1832,0.517000012512735
1833,0.6997344073140135
1834,0.01507626420477393
1835,0.0
1836,0.0
1837,0.0
1838,0.0
1839,0.0
1840,0.0
1841,0.0
830,0.0
831,0.0
832,0.0
833,0.0
834,0.0
835,0.0
836,0.0
837,0.0
838,0.0
839,0.0
920,0.0
921,0.0
922,0.0
923,0.0
924,0.0
925,0.0
926,0.0
927,0.0
928,0.0
929,0.0
1010,0.0
1011,0.0
1012,0.0
1013,0.0
1014,0.0
1015,0.0
1016,0.0
1017,0.0
1018,0.0
1019,0.0
1100,0.0
1101,0.0
1102,0.0
1103,0.0
1104,0.0
1105,0.0
1106,0.0
1107,0.0
1108,0.0
1109,0.0
1190,0.0
1191,0.0
1192,0.0
1193,0.0
1194,0.0
1195,0.0
1196,0.0
1197,0.0
1198,0.0
1199,0.0
1280,0.0
1281,0.0
1282,0.0
1283,0.0
1284,0.0
1285,0.0
1286,0.0
1287,0.0
1288,0.0
1289,0.0
1370,0.0
1371,0.0
1372,0.0
1373,0.0
1374,0.0
1375,0.0
1376,0.0
1377,0.0
1378,0.0
1379,0.0
1460,0.0
1461,0.0
1462,0.0
1463,0.0
1464,0.0
1465,0.0
1466,0.0
1467,0.0
1468,0.0
1469,0.0
1550,0.0
1551,0.0
1552,0.0
1553,0.0
1554,0.0
1555,0.0
1556,0.0
1557,0.0
1558,0.0
1559,0.0
1640,0.0
1641,0.0
1642,0.0
1643,0.0
1644,0.0
1645,0.0
1646,0.0
1647,0.0
1648,0.0
1649,0.0
1730,0.0
1731,0.0
1732,0.0
1733,0.0
1734,0.0
1735,0.0
1736,0.0
1737,0.2201653878921342
1738,0.5130680437220685
1739,0.7635893359738798
1820,0.0
1821,0.0
1822,0.0
1823,0.0
1824,0.0
1825,0.07611621389725179
1826,0.6238706262450432
1827,0.9969756481839358
1828,1.0
1829,1.0
1970,0.6614501790725626
1971,0.4299967815938846
1972,0.15109055748518044
1973,0.0
1974,0.0
1975,0.0
1976,0.0
1977,0.0
1978,0.0
1979,0.0
1980,0.0
2060,0.0
2061,0.0
2062,0.0
2063,0.0
2064,0.0
2065,0.0
2066,0.0
2067,0.0
2068,0.0
2069,0.0
2070,0.0
2150,0.0
2151,0.0
2152,0.0
2153,0.0
2154,0.0
2155,0.0
2156,0.0
2157,0.0
2158,0.0
2159,0.0
2160,0.0
2240,0.0
2241,0.0
2242,0.0
2243,0.0
2244,0.0
2245,0.0
2246,0.0
2247,0.0
2248,0.0
2249,0.0
2250,0.0
2330,0.0
2331,0.0
2332,0.0
2333,0.0
2334,0.0
2335,0.0
2336,0.0
2337,0.0
2338,0.0
2339,0.0
2340,0.0
2420,0.0
2421,0.0
2422,0.0
2423,0.0
2424,0.0
2425,0.0
2426,0.0
2427,0.0
2428,0.0
2429,0.0
2430,0.0
2510,0.0
2511,0.0
2512,0.0
2513,0.0
2514,0.0
2515,0.0
2516,0.0
2517,0.0
2518,0.0
2519,0.0
2520,0.0
2600,0.0
2601,0.0
2602,0.0
2603,0.0
2604,0.0
2605,0.0
2606,0.0
2607,0.0
2608,0.0
2609,0.0
2610,0.0
2690,0.0
2691,0.0
2692,0.0
2693,0.0
2694,0.0
2695,0.0
2696,0.0
2697,0.0
2698,0.0
2699,0.0
2700,0.0
2780,0.0
2781,0.0
2782,0.0
2783,0.0
2784,0.0
2785,0.0
2786,0.0
2787,0.0
2788,0.0
2789,0.0
2790,0.0
1960,2.0
1961,1.9861617910782974
1962,2.0
1963,1.9886081373103237
1964,2.0
1965,2.0
1966,2.0
1967,1.8833261893334812
1968,1.3591613221066818
1969,0.8479384131301289
2050,2.0
2051,2.0
2052,2.0
2053,1.9551485157542805
2054,1.990578149324493
2055,2.0
2056,1.9275494808325861
2057,1.118944872619684
2058,0.8406097063390207
2059,0.0
2140,2.0
2141,1.999990700855788
2142,1.9669789190684237
2143,1.965304903575381
2144,1.9268892530764137
2145,1.937590175584998
2146,1.5905820913760695
2147,1.0
2148,0.9997342087688501
2149,0.13473089787061998
2230,1.9672996845886574
2231,1.9644506559431991
2232,1.9980139038067217
2233,2.0
2234,2.0
2235,1.940334517898611
2236,1.1026856131122722
2237,0.9516563700173246
2238,0.5756468021675669
2239,0.04284841940927097
2320,2.0
2321,2.0
2322,2.0
2323,2.0
2324,1.991245937614329
2325,1.0999724045906891
2326,0.4576693957746829
2327,0.03176625333909315
2328,0.0
2329,0.0
2410,0.8760208892933854
2411,0.7517746512072225
2412,0.6353534266212955
2413,1.0022012167719327
2414,0.2681672594998509
2415,0.0
2416,0.0
2417,0.0
2418,0.0
2419,0.0
2500,0.0
2501,0.0
2502,0.0
2503,0.0
2504,0.0
2505,0.0
2506,0.0
2507,0.0
2508,0.0
2509,0.0
2590,0.0
2591,0.0
2592,0.0
2593,0.0
2594,0.0
2595,0.0
2596,0.0
2597,0.0
2598,0.0
2599,0.0
2680,0.0
2681,0.0
2682,0.0
2683,0.0
2684,0.0
2685,0.0
2686,0.0
2687,0.0
2688,0.0
2689,0.0
2770,0.0
2771,0.0
2772,0.0
2773,0.0
2774,0.0
2775,0.0
2776,0.0
2777,0.0
2778,0.0
2779,0.0
1950,0.0
1951,0.27647878401242837
1952,0.8302789729638782
1953,1.5949450269547674
1954,1.984455534839843
1955,1.8011049255344627
1956,1.2247192241305997
1957,1.2532422512273984
1958,1.822010226230613
1959,2.0
2040,1.3754568862291228
2041,1.9534437486989336
2042,2.0
2043,2.0
2044,2.0
2045,2.0
2046,2.0
2047,1.976836250075938
2048,2.0
2049,2.0
2130,2.0
2131,2.0
2132,2.0
2133,2.0
2134,2.0
2135,2.0
2136,2.0
2137,1.9585083449244336
2138,2.0
2139,2.0
2220,2.0
2221,2.0
2222,2.0
2223,2.0
2224,2.0
2225,2.0
2226,2.0
2227,2.0
2228,2.0
2229,1.9721719070559371
2310,2.0
2311,2.0
2312,2.0
2313,2.0
2314,2.0
2315,2.0
2316,2.0
2317,2.0
2318,2.0
2319,2.0
2400,2.0
2401,2.0
2402,2.0
2403,2.0
2404,2.0
2405,2.0
2406,2.0
2407,2.0
2408,2.0
2409,1.8098480638248355
2490,2.0
2491,2.0
2492,2.0
2493,2.0
2494,2.0
2495,2.0
2496,2.0
2497,2.0
2498,1.5852717992516472
2499,0.14963913667340328
2580,2.0
2581,2.0
2582,2.0
2583,2.0
2584,2.0
2585,2.0
2586,2.0
2587,1.7613907892382388
2588,0.3339273626125745
2589,0.0
2670,2.0
2671,2.0
2672,2.0
2673,2.0
2674,2.0
2675,1.9999608313615398
2676,1.519603870446697
2677,1.006327629081028
2678,0.5531105078114716
2679,0.0
2760,2.0
2761,2.0
2762,1.9999819702259443
2763,1.7941591271110007
2764,1.5201472792646382
2765,1.2111590788280135
2766,1.0
2767,1.0
2768,0.57309306996891
2769,0.0
1940,0.30400140512100254
1941,0.9533930392947765
1942,1.0
1943,1.0
1944,1.0
1945,0.19230997484034648
1946,0.0
1947,0.0
1948,0.0
1949,0.0
2030,0.9663543359144018
2031,1.0
2032,1.0
2033,0.9564079592563681
2034,0.37196578380986905
2035,0.0955169347171384
2036,0.0
2037,0.0
2038,0.0
2039,0.2186005716385174
2120,0.9879075842417923
2121,1.0
2122,1.0
2123,0.9354637124435976
2124,0.0
2125,0.0
2126,0.0
2127,0.0
2128,0.630549529953424
2129,1.8513997123685504
2210,1.0
2211,1.0660675221905183
2212,1.180397136179412
2213,1.1095749550713232
2214,0.10547967560277938
2215,0.0
2216,0.0
2217,0.5848687163039814
2218,1.9291108588093913
2219,2.0
2300,1.8424195371275347
2301,1.9966123247577787
2302,2.0
2303,2.0
2304,1.779742418875835
2305,0.8024396287299607
2306,0.9905599018563762
2307,1.9471556573870001
2308,2.0
2309,2.0
2390,2.0
2391,2.0
2392,2.0
2393,2.0
2394,2.0
2395,2.0
2396,2.0
2397,2.0
2398,2.0
2399,2.0
2480,2.0
2481,2.0
2482,2.0
2483,2.0
2484,2.0
2485,2.0
2486,2.0
2487,2.0
2488,2.0
2489,2.0
2570,2.0
2571,2.0
2572,2.0
2573,2.0
2574,2.0
2575,2.0
2576,2.0
2577,2.0
2578,2.0
2579,2.0
2660,2.0
2661,2.0
2662,2.0
2663,2.0
2664,2.0
2665,2.0
2666,2.0
2667,2.0
2668,2.0
2669,2.0
2750,2.0
2751,2.0
2752,2.0
2753,2.0
2754,2.0
2755,2.0
2756,2.0
2757,2.0
2758,2.0
2759,2.0
1752,0.0
1753,0.0
1754,0.0
1755,0.0
1756,0.0
1757,0.0
1758,0.0
1759,0.0
1842,0.0
1843,0.0
1844,0.0
1845,0.0
1846,0.0
1847,0.0
1848,0.0
1849,0.0
1930,0.0
1931,0.0
1932,0.0
1933,0.0
1934,0.0
1935,0.0
1936,0.0
1937,0.0
1938,0.0
1939,0.0
2020,0.0
2021,0.0
2022,0.0
2023,0.0
2024,0.006568052716701166
2025,0.2616770898284098
2026,0.5286528055358315
2027,0.681672912156377
2028,0.38969385379803223
2029,0.6293425798164388
2110,0.7157803567054358
2111,0.7554503371415194
2112,0.6619127126300471
2113,0.5816270138917109
2114,0.7621560470468366
2115,1.0
2116,1.0
2117,1.0
2118,1.0
2119,0.9864205084107772
2200,1.0
2201,1.0082012276346775
2202,1.0854297168492564
2203,1.085559177490297
2204,1.216730185204037
2205,1.1739698148093054
2206,0.992208725463549
2207,1.0
2208,1.0
2209,0.9670260982005006
2290,1.8979224713187355
2291,1.98435647353134
2292,2.0
2293,1.983998804486971
2294,1.9628859624217547
2295,1.9987866667057053
2296,1.7976243967320742
2297,1.4963935249680111
2298,1.5383811723338
2299,1.6870052799035458
2380,2.0
2381,2.0
2382,2.0
2383,2.0
2384,2.0
2385,2.0
2386,2.0
2387,2.0
2388,2.0
2389,2.0
2470,2.0
2471,2.0
2472,2.0
2473,2.0
2474,2.0
2475,2.0
2476,2.0
2477,2.0
2478,2.0
2479,2.0
2560,2.0
2561,2.0
2562,2.0
2563,2.0
2564,2.0
2565,2.0
2566,2.0
2567,2.0
2568,2.0
2569,2.0
2650,2.0
2651,2.0
2652,2.0
2653,2.0
2654,2.0
2655,2.0
2656,2.0
2657,2.0
2658,2.0
2659,2.0
2740,2.0
2741,2.0
2742,2.0
2743,2.0
2744,2.0
2745,2.0
2746,2.0
2747,2.0
2748,2.0
2749,2.0
1920,1.0
1921,0.45058967148628026
1922,0.0
1923,0.0
1924,0.0
1925,0.0
1926,0.0
1927,0.0
1928,0.0
1929,0.0
2010,0.9941515111366164
2011,0.5567116899663209
2012,0.45339295237779115
2013,0.2776767084630859
2014,0.009195880720207744
2015,0.0
2016,0.0
2017,0.0
2018,0.0
2019,0.0
2100,1.0
2101,0.9713865446578712
2102,1.0042271080611607
2103,1.0
2104,0.8198433269557878
2105,0.3404334907620358
2106,0.02143149355881787
2107,0.16679054878108543
2108,0.36089822780616265
2109,0.5343625274921218
2190,1.8282587312572647
2191,1.8484969572626748
2192,1.7835454422572203
2193,1.5417215668812696
2194,1.2076066096957665
2195,1.002127039813004
2196,0.9843463497143472
2197,1.0
2198,1.0
2199,1.0
2280,2.0
2281,2.0
2282,2.0
2283,2.0
2284,2.0
2285,1.870718022232286
2286,1.5981092109593908
2287,1.630186641806581
2288,1.71918664288396
2289,1.8078911871542087
2370,2.0
2371,2.0
2372,2.0
2373,2.0
2374,2.0
2375,2.0
2376,2.0
2377,2.0
2378,2.0
2379,2.0
2460,2.0
2461,2.0
2462,2.0
2463,2.0
2464,2.0
2465,2.0
2466,2.0
2467,2.0
2468,2.0
2469,2.0
2550,2.0
2551,2.0
2552,2.0
2553,2.0
2554,2.0
2555,2.0
2556,2.0
2557,2.0
2558,2.0
2559,2.0
2640,2.0
2641,2.0
2642,2.0
2643,2.0
2644,2.0
2645,2.0
2646,2.0
2647,2.0
2648,2.0
2649,2.0
2730,2.0
2731,2.0
2732,2.0
2733,2.0
2734,2.0
2735,2.0
2736,2.0
2737,2.0
2738,2.0
2739,2.0
1910,0.0
1911,0.0
1912,0.0
1913,0.0021175603203649964
1914,0.36606131141248627
1915,0.9188497549300823
1916,1.0
1917,1.0
1918,1.0
1919,1.0
2000,0.0
2001,0.0
2002,0.0
2003,0.01679555370903424
2004,0.8995526964471834
2005,1.0
2006,1.028550935193845
2007,1.2021603531396348
2008,1.207880955398938
2009,1.0
2090,0.0
2091,0.0
2092,0.0
2093,0.2527440533998019
2094,1.270945015816161
2095,1.7984660948884053
2096,1.9770677810630533
2097,2.0
2098,1.694291345853879
2099,1.0184756087156246
2180,0.43278538503971375
2181,0.7271687646245892
2182,1.4445289855940056
2183,1.9842614445404654
2184,2.0
2185,2.0
2186,2.0
2187,2.0
2188,2.0
2189,1.975888184925723
2270,2.995246973182378
2271,2.596010613120522
2272,1.9972032080868054
2273,2.0
2274,2.0
2275,2.0
2276,2.0
2277,2.0
2278,2.0
2279,2.0
2360,2.997852389425362
2361,2.630354717305585
2362,1.9606810375171217
2363,2.0
2364,2.0
2365,2.0
2366,2.0
2367,2.0
2368,2.0
2369,2.0
2450,2.9556252864623254
2451,2.1522412051692816
2452,2.0
2453,2.0
2454,2.0
2455,2.0
2456,2.0
2457,2.0
2458,2.0
2459,2.0
2540,2.9839897892457765
2541,2.0049989495046514
2542,2.0
2543,2.0
2544,2.0
2545,2.0
2546,2.0
2547,2.0
2548,2.0
2549,2.0
2630,3.0
2631,2.114473194712912
2632,2.0
2633,2.0
2634,2.0
2635,2.0
2636,2.0
2637,2.0
2638,2.0
2639,2.0
2720,3.0
2721,2.497000088900326
2722,2.0
2723,2.0
2724,2.0
2725,1.996848123944169
2726,2.0
2727,2.0
2728,2.0
2729,2.0
1720,0.0
1721,0.0
1722,0.0
1723,0.0
1724,0.0
1725,0.0
1726,0.0
1727,0.0
1728,0.0
1729,0.0
1810,0.0
1811,0.0
1812,0.0
1813,0.0
1814,0.0
1815,0.0
1816,0.0
1817,0.0
1818,0.0
1819,0.0
1900,0.0
1901,0.0
1902,0.0
1903,0.0
1904,0.0
1905,0.0
1906,0.0
1907,0.0
1908,0.0
1909,0.0
1990,0.0
1991,0.0
1992,0.0
1993,0.0
1994,0.0
1995,0.0
1996,0.0
1997,0.0
1998,0.0
1999,0.0
2080,0.0
2081,0.0
2082,0.0
2083,0.0
2084,0.0
2085,0.0
2086,0.0
2087,0.0
2088,0.0
2089,0.0
2170,0.0
2171,0.0
2172,0.0
2173,0.0
2174,0.0
2175,0.0
2176,0.0
2177,0.0
2178,0.0
2179,0.012510475169760409
2260,3.2924050606889725
2261,2.8628663687803053
2262,2.7095936049874103
2263,2.717461525252626
2264,2.7990307436728434
2265,2.819471660436477
2266,2.3781078790052868
2267,2.0796715614949073
2268,2.1294790316953844
2269,2.6161411304697006
2350,4.0
2351,4.0
2352,4.0
2353,4.0
2354,4.0
2355,4.0
2356,3.356548469462432
2357,3.0
2358,2.995275825000017
2359,3.0
2440,4.0
2441,4.0
2442,4.0
2443,4.0
2444,4.0
2445,4.0
2446,3.4335645437706264
2447,3.0
2448,3.0
2449,3.0
2530,4.0
2531,4.0
2532,4.0
2533,4.0
2534,4.0
2535,3.922994894993068
2536,3.377024733952228
2537,3.0
2538,3.0
2539,3.0
2620,3.1096667067137647
2621,3.253162577082357
2622,3.9923481595067503
2623,4.0
2624,3.9419266211516226
2625,3.1815546882344496
2626,3.0
2627,3.0
2628,3.0
2629,3.0
2710,3.0
2711,3.0
2712,3.7434722800155424
2713,3.9664529849621264
2714,3.2462295588286745
2715,3.0
2716,3.0
2717,3.0
2718,3.0
2719,3.0
1711,0.0
1712,0.0
1713,0.0
1714,0.0
1715,0.0
1716,0.0
1717,0.0
1718,0.0
1719,0.0
1801,0.0
1802,0.0
1803,0.0
1804,0.0
1805,0.0
1806,0.0
1807,0.0
1808,0.0
1809,0.0
1891,0.0
1892,0.0
1893,0.0
1894,0.0
1895,0.0
1896,0.0
1897,0.0
1898,0.0
1899,0.0
1981,0.0
1982,0.0
1983,0.0
1984,0.0
1985,0.0
1986,0.0
1987,0.0
1988,0.0
1989,0.0
2071,0.0
2072,0.0
2073,0.0
2074,0.0
2075,0.0
2076,0.0
2077,0.0
2078,0.0
2079,0.0
2161,0.0
2162,0.0
2163,0.0
2164,0.0
2165,0.0
2166,0.0
2167,0.0007135375234595774
2168,0.02067198510668885
2169,0.0
2251,0.0
2252,0.12505836670619988
2253,0.017213721531525807
2254,0.0
2255,0.0
2256,0.9540608078810298
2257,2.7356726952886223
2258,3.5317471892324392
2259,3.4044254199334767
2341,0.17223021975650482
2342,0.9939500954750616
2343,0.813763808535256
2344,1.1418270079821686
2345,2.1424429362308044
2346,3.8258768070251756
2347,4.0
2348,4.0
2349,4.0
2431,0.13235350919686287
2432,1.2293582038456714
2433,1.8708197180722312
2434,3.262978849267515
2435,3.9993891656139833
2436,4.0
2437,4.0
2438,4.0
2439,4.0
2521,0.016323925468406265
2522,1.3718493483435992
2523,3.736654902456203
2524,4.0
2525,4.0
2526,4.0
2527,4.0
2528,4.0
2529,4.0
2611,0.0
2612,0.034861715271373064
2613,1.6553289520888546
2614,3.454635588454797
2615,4.0
2616,4.0
2617,4.0
2618,3.9463519953335897
2619,3.2533916902551265
2701,0.0
2702,0.0
2703,0.0
2704,0.49036474202709746
2705,3.613888757681643
2706,3.960221490786475
2707,3.9958343802257823
2708,3.318606976295686
2709,3.0
2850,1.71659654142197
2851,1.6762981381100135
2852,1.7631693730470812
2853,1.8415775341773406
2854,1.950059990531988
2855,1.883193320960272
2856,1.51394266672406
2857,0.6274251666371791
2858,0.08403717983995877
2859,0.0
2860,0.0
2861,0.0
2940,1.3317475201339024
2941,1.9857075379134532
2942,2.0
2943,2.0
2944,2.0
2945,2.0
2946,1.9346679789602534
2947,0.6142266152705229
2948,0.0
2949,0.0
2950,0.0
2951,0.0
3030,1.9172748764926557
3031,2.0
3032,1.4228541189626878
3033,1.2344452683510236
3034,1.3090005950253176
3035,1.4533223351780085
3036,1.07039942491609
3037,0.7820607004323219
3038,0.0
3039,0.0
3040,0.0
3041,0.0
3120,1.9649184660807593
3121,2.0
3122,1.3656063850450857
3123,1.0
3124,1.0
3125,1.0
3126,1.0
3127,0.9237808058224618
3128,0.0
3129,0.0
3130,0.0
3131,0.0
3210,1.7843067968869581
3211,2.0
3212,1.6290214922775026
3213,1.0
3214,1.0
3215,1.0
3216,1.0
3217,0.9932836290527707
3218,0.015322566875918335
3219,0.0
3220,0.0
3221,0.0
3300,1.469823462779082
3301,2.0
3302,1.9622356568619832
3303,1.098574578901776
3304,1.0
3305,1.0
3306,1.0
3307,1.0
3308,0.09273379276506603
3309,0.0
3310,0.0
3311,0.0
3390,1.0580289067488444
3391,1.939681932887384
3392,2.0
3393,1.7574821367688331
3394,1.0004571071297512
3395,1.0
3396,1.0
3397,1.0
3398,0.17473367483325822
3399,0.0
3400,0.0
3401,0.0
3480,1.0
3481,1.4622870752190251
3482,2.0
3483,2.0
3484,1.088117683134119
3485,1.0
3486,1.0
3487,0.9497015399555461
3488,0.042212042474720136
3489,0.0
3490,0.0
3491,0.0
3570,1.0
3571,1.0121933152201947
3572,1.7686879481212872
3573,2.0
3574,1.151899647109524
3575,1.0
3576,0.9859576678456058
3577,0.39891849778298594
3578,0.0
3579,0.0
3580,0.0
3581,0.0
3660,1.0
3661,1.0
3662,1.0256181699762053
3663,1.2955455579070085
3664,0.7817374228485409
3665,0.3994970188891084
3666,0.12238020175185206
3667,0.0
3668,0.0
3669,0.0
3670,0.0
3671,0.0
2840,2.0
2841,2.0
2842,2.0
2843,2.0
2844,2.0
2845,2.0
2846,1.9631256155079155
2847,1.8101513399502083
2848,1.7138994920676636
2849,1.7608574205106766
2930,2.0
2931,2.0
2932,2.0
2933,1.999848195635009
2934,1.830514482541912
2935,1.6450016990446967
2936,1.105169900984288
2937,1.0
2938,1.0
2939,1.0
3020,1.9422800913270852
3021,1.6466305925026967
3022,1.383455059097032
3023,1.1257031071865438
3024,1.0
3025,1.0
3026,1.0
3027,1.0
3028,1.0
3029,1.0
3110,1.1052413550087283
3111,1.0
3112,1.0
3113,1.0
3114,1.0
3115,1.0
3116,1.0
3117,1.0
3118,1.0
3119,1.0007727131653008
3200,1.0
3201,1.0
3202,1.0
3203,1.0
3204,1.0
3205,1.0
3206,1.0
3207,1.0
3208,1.0
3209,1.0
3290,1.0
3291,1.0
3292,1.0
3293,1.0
3294,1.0
3295,1.0
3296,1.0
3297,1.0
3298,1.0
3299,1.0
3380,1.0
3381,1.0
3382,1.0
3383,1.0
3384,1.0
3385,1.0
3386,1.0
3387,1.0
3388,1.0
3389,1.0
3470,1.0
3471,1.0
3472,0.6766613618714967
3473,0.5334604315984808
3474,0.8818384528188897
3475,1.0
3476,1.0
3477,1.0
3478,1.0
3479,1.0
3560,0.3934899309123568
3561,0.20970522060285976
3562,0.004052244176643332
3563,0.0
3564,0.18615133265790346
3565,1.0
3566,1.0
3567,1.0
3568,1.0
3569,1.0
3650,0.0
3651,0.0
3652,0.0
3653,0.0
3654,0.0009138781978635392
3655,0.9339506675811903
3656,1.0
3657,1.0
3658,1.0
3659,1.0
2830,2.0
2831,2.0
2832,2.0
2833,2.0
2834,2.0
2835,2.0
2836,2.0
2837,2.0
2838,2.0
2839,2.0
2920,2.0
2921,2.0
2922,2.0
2923,2.0
2924,2.0
2925,2.0
2926,2.0
2927,1.9766083359526632
2928,1.9714130904185196
2929,2.0
3010,2.0
3011,2.0
3012,2.0
3013,2.0
3014,2.0
3015,1.967561929438194
3016,1.9513809708606156
3017,1.9814039538264754
3018,2.0
3019,2.0
3100,2.0
3101,2.0
3102,2.0
3103,2.0
3104,2.0
3105,1.945623749200001
3106,1.9605551670310168
3107,1.841830706748265
3108,1.4282140413022675
3109,1.8496452837650974
3190,2.0
3191,2.0
3192,2.0
3193,2.0
3194,2.0
3195,2.0
3196,1.9676741044241721
3197,1.84207067225635
3198,1.169946051900518
3199,1.0038529251186004
3280,2.0
3281,2.0
3282,2.0
3283,2.0
3284,2.0
3285,2.0
3286,1.9763654950526224
3287,1.9556967906398186
3288,1.3392777165369516
3289,1.0
3370,2.0
3371,2.0
3372,2.0
3373,2.0
3374,2.0
3375,2.0
3376,2.0
3377,2.0
3378,1.3592593999067322
3379,1.0
3460,2.0
3461,1.999848581178416
3462,1.7646149582976924
3463,1.6195198575368293
3464,1.6575582285809909
3465,1.789334951835811
3466,1.9135586065925345
3467,1.9168166505908468
3468,1.3548502044221544
3469,1.0
3550,1.5463231237615425
3551,1.3537854649096968
3552,1.0
3553,1.0
3554,1.0
3555,1.0
3556,1.0
3557,1.0014052782101772
3558,1.010683365133665
3559,0.8331016112252517
3640,1.0
3641,1.0
3642,1.0
3643,1.0
3644,1.0
3645,1.0
3646,1.0
3647,1.0
3648,1.0
3649,0.24093745522734553
2820,2.0
2821,2.0
2822,2.0
2823,2.0
2824,2.0
2825,2.0
2826,2.0
2827,2.0
2828,2.0
2829,2.0
2910,2.0
2911,2.0
2912,2.0
2913,2.0
2914,2.0
2915,2.0
2916,2.0
2917,2.0
2918,2.0
2919,2.0
3000,2.0
3001,2.0
3002,2.0
3003,2.0
3004,2.0
3005,2.0
3006,2.0
3007,2.0
3008,2.0
3009,2.0
3090,2.0
3091,2.0
3092,2.0
3093,2.0
3094,2.0
3095,2.0
3096,2.0
3097,2.0
3098,2.0
3099,2.0
3180,2.0
3181,2.0
3182,2.0
3183,2.0
3184,2.0
3185,2.0
3186,2.0
3187,2.0
3188,2.0
3189,2.0
3270,1.9983946920207725
3271,2.0
3272,2.0
3273,2.0
3274,2.0
3275,2.0
3276,2.0
3277,2.0
3278,2.0
3279,2.0
3360,1.9481382761990835
3361,1.9951449847511644
3362,2.0
3363,2.0
3364,2.0
3365,2.0
3366,2.0
3367,2.0
3368,2.0
3369,2.0
3450,1.9787076769909597
3451,1.9420595817820985
3452,2.0
3453,2.0
3454,2.0
3455,2.0
3456,2.0
3457,2.0
3458,2.0
3459,2.0
3540,2.0
3541,1.9480108844036181
3542,1.9654509151796398
3543,2.0
3544,2.0
3545,2.0
3546,2.0
3547,1.8116157985935608
3548,1.4026390530023238
3549,1.3197695463452932
3630,1.9980111945637904
3631,1.9621161015467423
3632,1.9547796547443366
3633,1.9843214060162147
3634,2.0
3635,1.9585675781064569
3636,1.8453152832548665
3637,1.049318468401621
3638,1.0
3639,1.0
2810,3.0
2811,2.9218948778409253
2812,2.2991163901014264
2813,2.123680810846842
2814,2.3652730521458873
2815,2.326488946739447
2816,2.0
2817,2.0
2818,2.0
2819,2.0
2900,3.0
2901,3.0
2902,3.0
2903,3.0
2904,3.0
2905,2.596709638493927
2906,1.9999578948598846
2907,2.0
2908,2.0
2909,2.0
2990,3.0
2991,3.0
2992,3.0
2993,3.0
2994,3.0
2995,2.519071298027618
2996,2.0
2997,2.0
2998,2.0
2999,2.0
3080,3.0
3081,3.0
3082,3.0
3083,3.0
3084,3.0
3085,2.8408285942395173
3086,2.0462748433111275
3087,2.0
3088,2.0
3089,2.0
3170,3.0
3171,3.0
3172,3.0
3173,3.0
3174,2.9432873395910795
3175,2.5436048024244338
3176,2.040817367920001
3177,1.9959558969423146
3178,2.0
3179,2.0
3260,3.0
3261,3.0
3262,2.966478122580508
3263,2.5401754747688488
3264,2.0731857771415254
3265,2.0
3266,2.0
3267,1.955786374798898
3268,1.9497745302455467
3269,1.9575022333142913
3350,2.99020885982939
3351,2.6234329066767668
3352,2.1138228135172565
3353,2.0
3354,2.0
3355,2.0
3356,2.0
3357,2.0
3358,2.0
3359,1.9986849105918167
3440,2.0953465580862654
3441,2.0
3442,2.0
3443,2.0
3444,2.0
3445,2.0
3446,2.0
3447,2.0
3448,2.0
3449,2.0
3530,2.0
3531,2.0
3532,2.0
3533,2.0
3534,2.0
3535,2.0
3536,2.0
3537,2.0
3538,2.0
3539,2.0
3620,2.0
3621,2.0
3622,2.0
3623,2.0
3624,2.0
3625,2.0
3626,2.0
3627,2.0
3628,2.0
3629,2.0
2800,2.992840151057686
2801,3.0
2802,3.323501391831006
2803,3.354912227774458
2804,3.0
2805,3.0
2806,3.0
2807,3.0
2808,3.0
2809,3.0
2890,1.6015492517430598
2891,3.0
2892,3.0
2893,3.0
2894,3.0
2895,3.0
2896,3.0
2897,3.0
2898,3.0
2899,3.0
2980,0.18379883490501223
2981,2.757800535560156
2982,3.0
2983,3.0
2984,3.0
2985,3.0
2986,3.0
2987,3.0
2988,3.0
2989,3.0
3070,0.0
3071,0.6441077989669595
3072,2.2123553876073627
3073,3.0
3074,3.0
3075,3.0
3076,3.0
3077,3.0
3078,3.0
3079,3.0
3160,0.0
3161,0.0
3162,0.04327055472963314
3163,2.0458992075353146
3164,3.0
3165,3.0
3166,3.0
3167,3.0
3168,3.0
3169,3.0
3250,0.0
3251,0.0
3252,0.0
3253,0.062088839454651185
3254,2.0860233705707496
3255,3.0
3256,3.0
3257,3.0
3258,3.0
3259,3.0
3340,0.0
3341,0.0
3342,0.0
3343,0.0
3344,0.23939837160229638
3345,2.4272697691194343
3346,2.627110710893044
3347,2.9648207114676013
3348,3.0
3349,3.0
3430,0.0
3431,0.0
3432,0.0
3433,0.0
3434,0.0
3435,0.42468299066249693
3436,0.9851871887863517
3437,2.1404183580799687
3438,2.169260215608493
3439,2.193486125338449
3520,0.0
3521,0.0
3522,0.0
3523,0.0
3524,0.0
3525,1.6459771316602354
3526,2.0
3527,2.0
3528,2.0
3529,2.0
3610,0.0
3611,0.0
3612,0.0
3613,0.0
3614,0.12012359840145614
3615,1.9803145475902684
3616,2.0
3617,2.0
3618,2.0
3619,2.0
2791,0.0
2792,0.0
2793,0.0
2794,0.0
2795,0.19331496883403307
2796,0.624330473406689
2797,2.0709852827322184
2798,2.785329221001261
2799,2.9946277573562488
2881,0.0
2882,0.0
2883,0.0
2884,0.0
2885,0.0
2886,0.0
2887,0.0
2888,0.10561822209867652
2889,0.4910845857764907
2971,0.0
2972,0.0
2973,0.0
2974,0.0
2975,0.0
2976,0.0
2977,0.0
2978,0.0
2979,0.0
3061,0.0
3062,0.0
3063,0.0
3064,0.0
3065,0.0
3066,0.0
3067,0.0
3068,0.0
3069,0.0
3151,0.0
3152,0.0
3153,0.0
3154,0.0
3155,0.0
3156,0.0
3157,0.0
3158,0.0
3159,0.0
3241,0.0
3242,0.0
3243,0.0
3244,0.0
3245,0.0
3246,0.0
3247,0.0
3248,0.0
3249,0.0
3331,0.0
3332,0.0
3333,0.0
3334,0.0
3335,0.0
3336,0.0
3337,0.0
3338,0.0
3339,0.0
3421,0.0
3422,0.0
3423,0.0
3424,0.0
3425,0.0
3426,0.0
3427,0.0
3428,0.0
3429,0.0
3511,0.0
3512,0.0
3513,0.0
3514,0.0
3515,0.0
3516,0.0
3517,0.0
3518,0.0
3519,0.0
3601,0.0
3602,0.0
3603,0.0
3604,0.0
3605,0.0
3606,0.0
3607,0.0
3608,0.0
3609,0.0
3720,1.9833296884776908
3721,1.9282701740922654
3722,1.9932244611362822
3723,1.9541492832147316
3724,1.3680138308036185
3725,1.000672556977087
3726,1.0
3727,1.0
3728,1.0
3729,1.0
3730,1.0
3731,1.0
3810,2.0
3811,1.9792295333671688
3812,1.9370873830119737
3813,1.8051086018074065
3814,1.0180077507945384
3815,1.0
3816,1.0
3817,1.0
3818,1.0
3819,1.0
3820,1.0
3821,1.0
3900,2.0
3901,1.996526061736824
3902,1.9356181028663282
3903,1.9993773589548498
3904,1.314558886165629
3905,1.0
3906,1.0
3907,1.0
3908,1.0
3909,1.0
3910,1.0
3911,1.0
3990,2.0
3991,1.8890368017441244
3992,1.9290928554599738
3993,1.9214445850475168
3994,1.823848484908365
3995,1.1096992744212788
3996,1.0
3997,1.0
3998,1.0
3999,1.0
4000,1.0
4001,1.0
4080,1.929571387815268
4081,1.9537651830541365
4082,1.9600758217734084
4083,1.8009102845057519
4084,1.6130794269073343
4085,1.0398326524445534
4086,1.0
4087,1.0
4088,1.0
4089,1.0
4090,1.0
4091,1.0
4170,1.9823476278754322
4171,1.7228643957674283
4172,1.3082735331836242
4173,1.0397637668005895
4174,1.0
4175,1.0
4176,1.0
4177,1.0
4178,1.0
4179,1.0
4180,1.0
4181,0.4787138709059025
4260,1.6761010940423702
4261,1.0982366719215197
4262,1.0
4263,1.0
4264,1.0
4265,1.0
4266,1.0
4267,1.0
4268,1.0
4269,1.0
4270,1.0
4271,0.7100299884328053
4350,1.9579088891795817
4351,1.1842100024681745
4352,1.0
4353,1.0
4354,1.0
4355,1.0
4356,1.0
4357,1.0
4358,1.0
4359,0.999319484975673
4360,0.2581261906862358
4361,0.03460500855325219
4440,1.4949771002015133
4441,1.0
4442,1.0
4443,1.0
4444,1.0
4445,1.0
4446,1.0
4447,1.0
4448,1.0
4449,1.0
4450,0.2051057632581014
4451,0.0
4530,1.9595022431506428
4531,1.2596235055900369
4532,1.0
4533,1.0
4534,1.0
4535,1.0
4536,1.0
4537,1.0
4538,1.0
4539,1.0
4540,0.18419798382735802
4541,0.0
3710,2.0
3711,2.0
3712,2.0
3713,2.0
3714,2.0
3715,2.0
3716,2.0
3717,2.0
3718,2.0
3719,2.0
3800,2.0
3801,2.0
3802,2.0
3803,2.0
3804,2.0
3805,2.0
3806,2.0
3807,2.0
3808,2.0
3809,2.0
3890,2.0
3891,2.0
3892,2.0
3893,2.0
3894,1.9977249086277515
3895,2.0
3896,2.0
3897,2.0
3898,2.0
3899,2.0
3980,2.0
3981,2.0
3982,1.9899635644597788
3983,1.966034975155772
3984,1.9424711217201627
3985,1.9610607437618335
3986,1.960825773547512
3987,2.0
3988,2.0
3989,2.0
4070,2.0
4071,2.0
4072,2.0
4073,2.0
4074,1.9809800512958924
4075,1.9999969797907202
4076,1.9672906194413589
4077,1.9652673837583585
4078,2.0
4079,1.9799523699942132
4160,2.0
4161,2.0
4162,2.0
4163,2.0
4164,2.0
4165,2.0
4166,1.9761557426630112
4167,1.9756251401061893
4168,1.9103956470059282
4169,1.764917965170642
4250,2.0
4251,2.0
4252,2.0
4253,1.9807655264929056
4254,1.9399909027180549
4255,1.9779141059404655
4256,1.9291338202266064
4257,1.9064095077917358
4258,1.9946992466088669
4259,1.9149696021716214
4340,2.0
4341,1.9724231054344399
4342,1.9573095358448167
4343,1.9717469385327848
4344,1.9172755967750712
4345,1.9601474813318567
4346,2.0
4347,1.9766201587834051
4348,2.0
4349,2.0
4430,1.961480523739485
4431,1.988903802882121
4432,2.0
4433,2.0
4434,1.9786923867096022
4435,2.0
4436,2.0
4437,1.9728119299194506
4438,2.0
4439,2.0
4520,1.9507034212058272
4521,2.0
4522,2.0
4523,2.0
4524,1.967863090892003
4525,2.0
4526,2.0
4527,1.9959503743802656
4528,1.977693775520927
4529,2.0
3700,0.0
3701,0.0
3702,0.0
3703,0.0
3704,0.04725776390169784
3705,1.820398301450727
3706,2.0
3707,2.0
3708,2.0
3709,2.0
3790,0.0
3791,0.0
3792,0.0
3793,0.0
3794,0.0
3795,0.23166571750297346
3796,1.7210732108613382
3797,2.0
3798,2.0
3799,2.0
3880,0.0
3881,0.0
3882,0.0
3883,0.0
3884,0.0
3885,0.0
3886,0.29363525500844245
3887,1.6272793512549435
3888,2.0
3889,2.0
3970,0.0
3971,0.0
3972,0.0
3973,0.0
3974,0.0
3975,0.0
3976,0.0
3977,0.006865005137250262
3978,1.0147837450659045
3979,2.0
4060,0.0
4061,0.0
4062,0.0
4063,0.0
4064,0.0
4065,0.0
4066,0.0
4067,0.0
4068,0.00018584633480565985
4069,1.5698997225134776
4150,0.0
4151,0.0
4152,0.0
4153,0.0
4154,0.0
4155,0.0
4156,0.0
4157,0.0
4158,0.0
4159,0.8987447426331103
4240,0.0
4241,0.0
4242,0.0
4243,0.0
4244,0.0
4245,0.0
4246,0.0
4247,0.0
4248,0.0
4249,0.48263518250314474
4330,0.0
4331,0.0
4332,0.0
4333,0.0
4334,0.0
4335,0.0
4336,0.0
4337,1.1429029361781171
4338,1.1942431960874829
4339,1.4625157301345237
4420,0.0
4421,0.0
4422,0.0
4423,0.0
4424,0.0
4425,0.0
4426,0.1351267081354485
4427,1.5868478636824523
4428,1.9218145226697163
4429,1.963988654698506
4510,0.0
4511,0.0
4512,0.0
4513,0.0
4514,0.0
4515,0.0056824305831245665
4516,0.7541902403360262
4517,1.0
4518,1.1243962760292474
4519,1.562186534536886
4620,2.0
4621,1.9626414753827244
4622,1.28502252104114
4623,1.0
4624,1.0
4625,1.0
4626,1.0
4627,1.0
4628,0.9900869198444318
4629,0.7625596699737068
4630,0.10331734595103775
4631,0.0
4710,2.0
4711,2.0
4712,1.8149758818178732
4713,1.0
4714,1.0
4715,1.0
4716,0.9817074848913053
4717,0.6453572780953156
4718,0.1827502323150194
4719,0.0
4720,0.0
4721,0.0
4800,1.9704598199664005
4801,1.9193858148025305
4802,1.5850354271645837
4803,0.8954994523886134
4804,0.7084417730932966
4805,0.6235378978008023
4806,0.269889713839242
4807,0.0
4808,0.0
4809,0.0
4810,0.0
4811,0.0
4890,2.0
4891,0.7843183169682043
4892,0.28840550607739085
4893,0.0819456187855814
4894,0.0
4895,0.0
4896,0.0
4897,0.0
4898,0.0
4899,0.0
4900,0.0
4901,0.0
4980,1.5518909238901353
4981,1.194049354251432
4982,1.0
4983,1.4869731593948314
4984,1.1731733325557059
4985,0.0
4986,0.0
4987,0.0
4988,0.0
4989,0.0
4990,0.0
4991,0.0
5070,1.0
5071,1.0
5072,1.103491419295421
5073,1.951250332769383
5074,1.7603338319711823
5075,0.1499140617988991
5076,0.0
5077,0.0
5078,0.0
5079,0.0
5080,0.0
5081,0.0
5160,0.9935622217819864
5161,0.8985712675675728
5162,0.9166374417418962
5163,2.0
5164,1.4929842326125795
5165,0.4686498083465289
5166,0.0
5167,0.0
5168,0.0
5169,0.0
5170,0.0
5171,0.0
5250,0.0191362958675645
5251,0.0
5252,0.07238969120392405
5253,1.6699155374015675
5254,1.4956665562012637
5255,0.31283982023530493
5256,0.0
5257,0.0
5258,0.0
5259,0.0
5260,0.0
5261,0.0
5340,0.0
5341,0.0
5342,0.0
5343,1.7412359263498136
5344,1.0129053689212941
5345,0.10779788825433989
5346,0.03268958225858473
5347,0.0005504533807281829
5348,0.0
5349,0.0
5350,0.0
5351,0.0
5430,0.0
5431,0.0
5432,0.0
5433,1.0128319460356725
5434,0.7003503232386357
5435,0.3307253951378086
5436,0.6661039970331808
5437,0.7518234851664937
5438,0.47655785571461273
5439,0.031779334870680194
5440,0.0
5441,0.0
4610,1.0644530414485185
4611,1.4681263907701942
4612,1.8970547283496813
4613,2.0
4614,1.9963076608213828
4615,1.9641924923008043
4616,2.0
4617,2.0
4618,1.970619076541646
4619,2.0
4700,1.0
4701,1.0
4702,1.024041590538707
4703,1.3740662470040843
4704,1.8238742518209474
4705,1.9541675957059268
4706,2.0
4707,2.0
4708,1.9690653642859788
4709,1.9887080113737219
4790,1.0
4791,1.0
4792,1.0
4793,1.0
4794,1.0031619232990636
4795,1.2317645773502088
4796,1.7305960908572888
4797,1.997795910585006
4798,2.0
4799,1.9705402960941276
4880,1.0
4881,1.0
4882,1.0
4883,1.0
4884,1.0
4885,0.9487222300044448
4886,1.0
4887,1.1825551933810279
4888,1.6301061170746105
4889,1.9766208838109294
4970,1.0
4971,1.0
4972,1.0
4973,1.0
4974,1.0
4975,0.9567494798821917
4976,1.0
4977,1.0
4978,1.0
4979,1.1031972787183946
5060,1.0
5061,1.0
5062,1.0
5063,1.0
5064,1.0
5065,0.9567641466864039
5066,1.0
5067,1.0
5068,1.0
5069,1.0
5150,1.0
5151,1.0
5152,0.9266806629020988
5153,0.7752864804369114
5154,0.6592313130997062
5155,0.6393313681624657
5156,0.6735838883206384
5157,0.696445779578409
5158,0.909860265096297
5159,1.0
5240,0.1291227259905852
5241,0.07722425100290918
5242,1.0157716532803566e-05
5243,0.0
5244,0.0
5245,0.0
5246,0.0
5247,0.0
5248,0.0027950745120042856
5249,0.09195947957339605
5330,0.0
5331,0.0
5332,0.0
5333,0.0
5334,0.0
5335,0.0
5336,0.0
5337,0.0
5338,0.0
5339,0.0
5420,0.0
5421,0.0
5422,0.0
5423,0.0
5424,0.0
5425,0.0
5426,0.0
5427,0.0
5428,0.0
5429,0.0
4600,0.0
4601,0.0
4602,0.0
4603,0.0
4604,0.0
4605,0.47456084658995185
4606,1.0
4607,1.0
4608,1.0
4609,1.0
4690,0.0
4691,0.0
4692,0.0
4693,0.0
4694,0.48021418264394605
4695,0.9989930593767489
4696,1.0
4697,1.0
4698,1.0
4699,1.0
4780,0.0
4781,0.0
4782,0.0
4783,0.32231735951594426
4784,0.999676933227197
4785,1.0
4786,1.0
4787,1.0
4788,1.0
4789,1.0
4870,0.0
4871,0.0
4872,0.14743286041735898
4873,0.8680937492519284
4874,1.0
4875,1.0
4876,1.0
4877,1.0
4878,1.0
4879,1.0
4960,0.0
4961,0.00862137992041362
4962,0.7780667933613912
4963,1.0
4964,1.0
4965,1.0
4966,1.0
4967,1.0
4968,1.0
4969,1.0
5050,0.0
5051,0.41981075102722887
5052,1.0
5053,1.0
5054,1.0
5055,1.0
5056,1.0
5057,1.0
5058,1.0
5059,1.0
5140,0.10621008184669385
5141,0.9445252159773426
5142,1.0
5143,0.9563600026442549
5144,0.5742652379283504
5145,0.5535547953523346
5146,0.8137143765917292
5147,1.0
5148,1.0
5149,1.0
5230,0.6833189735649113
5231,1.0
5232,0.692324163196726
5233,0.12032217687793727
5234,0.0
5235,0.0
5236,0.0019693987451706962
5237,0.03394190185503769
5238,0.07570406354951104
5239,0.09906434952346575
5320,0.35648301467603377
5321,0.2347834116577842
5322,0.0005224338090613133
5323,0.0
5324,0.0
5325,0.0
5326,0.0
5327,0.0
5328,0.0
5329,0.0
5410,0.0
5411,0.0
5412,0.0
5413,0.0
5414,0.0
5415,0.0
5416,0.0
5417,0.0
5418,0.0
5419,0.0
4411,0.0
4412,0.0
4413,0.0
4414,0.0
4415,0.0
4416,0.0
4417,0.0
4418,0.0
4419,0.0
4501,0.0
4502,0.0
4503,0.0
4504,0.0
4505,0.0
4506,0.0
4507,0.0
4508,0.0
4509,0.0
4591,0.0
4592,0.0
4593,0.0
4594,0.0
4595,0.0
4596,0.0
4597,0.0
4598,0.0
4599,0.0
4681,0.0
4682,0.0
4683,0.0
4684,0.0
4685,0.0
4686,0.0
4687,0.0
4688,0.0
4689,0.0
4771,0.0
4772,0.0
4773,0.0
4774,0.0
4775,0.0
4776,0.0
4777,0.0
4778,0.0
4779,0.0
4861,0.0
4862,0.0
4863,0.0
4864,0.0
4865,0.0
4866,0.0
4867,0.0
4868,0.0
4869,0.0
4951,0.0
4952,0.0
4953,0.0
4954,0.0
4955,0.0
4956,0.0
4957,0.0
4958,0.0
4959,0.0
5041,0.0
5042,0.0
5043,0.0
5044,0.0
5045,0.0
5046,0.0
5047,0.0
5048,0.0
5049,0.0
5131,0.0
5132,0.0
5133,0.0
5134,0.0
5135,0.0
5136,0.0
5137,0.0
5138,0.0
5139,0.0
5221,0.0
5222,0.0
5223,0.0
5224,0.0
5225,0.0
5226,0.0
5227,0.0
5228,0.0
5229,3.504759923757684e-07
5311,0.0
5312,0.0
5313,0.0
5314,0.0
5315,0.0
5316,0.0
5317,0.0
5318,0.0
5319,0.024818525842451363
5401,0.0
5402,0.0
5403,0.0
5404,0.0
5405,0.0
5406,0.0
5407,0.0
5408,0.0
5409,0.0
5520,0.002379391780661975
5521,0.0
5522,0.0
5523,1.0563984757896163
5524,1.0
5525,1.0
5526,1.0
5527,0.9937942281901484
5528,0.7019135798653587
5529,0.18059992971940006
5530,0.0
5531,0.0
5610,0.23342013503112072
5611,0.18856596560890698
5612,0.729155771789848
5613,1.2494761219163357
5614,1.0
5615,1.0
5616,0.9626064958789262
5617,0.15529385787025016
5618,0.0
5619,0.0
5620,0.0
5621,0.0
5700,0.9996687539285521
5701,1.0000058342164333
5702,1.0
5703,1.0
5704,1.0
5705,0.8224410571978066
5706,0.40919681650240963
5707,0.0
5708,0.0
5709,0.0
5710,0.0
5711,0.0
5790,0.9999999999999999
5791,1.0
5792,1.0
5793,1.0
5794,0.7262265801304196
5795,0.0669987288572559
5796,0.0
5797,0.0
5798,0.0
5799,0.0
5800,0.0
5801,0.0
5880,0.9999999999999999
5881,0.99984353616895
5882,0.9292538430841749
5883,0.3312926657428294
5884,0.0007882072534963679
5885,0.0
5886,0.0
5887,0.0
5888,0.0
5889,0.0
5890,0.0
5891,0.0
5970,1.0
5971,0.4294391315490079
5972,0.0007194111388386048
5973,0.0
5974,0.0
5975,0.0
5976,0.0
5977,0.0
5978,0.0
5979,0.0
5980,0.0
5981,0.0
6060,1.0
6061,0.7638540265681102
6062,0.0
6063,0.0
6064,0.0
6065,0.0
6066,0.0
6067,0.0
6068,0.0
6069,0.0
6070,0.0
6071,0.0
6150,1.0
6151,0.6673438385243661
6152,0.0
6153,0.0
6154,0.0
6155,0.0
6156,0.0
6157,0.0
6158,0.0
6159,0.0
6160,0.0
6161,0.0
6240,0.9843132644925127
6241,0.37145049790599116
6242,0.0032276187497436042
6243,0.0
6244,0.0
6245,0.0
6246,0.0
6247,0.0
6248,0.0
6249,0.0
6250,0.0
6251,0.0
